,Player,Probability
0,6,0.01234
1,1,0.1437
2,2,0.289
3,5,0.3096
4,3,0.4515
5,7,0.5673
6,4,0.6742
7,8,0.76892
8,0,0.8985
